id,track_name,size_bytes,currency,price,rating_count_tot,rating_count_ver,user_rating,user_rating_ver,ver,cont_rating,prime_genre,sup_devices.num,ipadSc_urls.num,lang.num,vpp_lic
281656475,PAC-MAN Premium,100788224,USD,3.99,21292,26,4,4.5,6.3.5,4+,Games,38,5,10,1
281796108,Evernote - stay organized,158578688,USD,0,161065,26,4,3.5,8.2.2,4+,Productivity,37,5,23,1
281940292,"WeatherBug - Local Weather, Radar, Maps, Alerts",100524032,USD,0,188583,2822,3.5,4.5,5.0.0,4+,Weather,37,5,3,1
282614216,"eBay: Best App to Buy, Sell, Save! Online Shopping",128512000,USD,0,262241,649,4,4.5,5.10.0,12+,Shopping,37,5,9,1
282935706,Bible,92774400,USD,0,985920,5320,4.5,5,7.5.1,4+,Reference,37,5,45,1
283619399,Shanghai Mahjong,10485713,USD,0.99,8253,5516,4,4,1.8,4+,Games,47,5,1,1
283646709,PayPal - Send and request money safely,227795968,USD,0,119487,879,4,4.5,6.12.0,4+,Finance,37,0,19,1
284035177,Pandora - Music & Radio,130242560,USD,0,1126879,3594,4,4.5,8.4.1,12+,Music,37,4,1,1
284666222,PCalc - The Best Calculator,49250304,USD,9.99,1117,4,4.5,5,3.6.6,4+,Utilities,37,5,1,1
284736660,Ms. PAC-MAN,70023168,USD,3.99,7885,40,4,4,4.0.4,4+,Games,38,0,10,1
284791396,Solitaire by MobilityWare,49618944,USD,4.99,76720,4017,4.5,4.5,4.10.1,4+,Games,38,4,11,1
284815117,SCRABBLE Premium,227547136,USD,7.99,105776,166,3.5,2.5,5.19.0,4+,Games,37,0,6,1
284815942,Google – Search made just for mobile,179979264,USD,0,479440,203,3.5,4,27,17+,Utilities,37,4,33,1
284847138,Bank of America - Mobile Banking,160925696,USD,0,119773,2336,3.5,4.5,7.3.8,4+,Finance,37,0,2,1
284862767,FreeCell,55153664,USD,4.99,6340,668,4.5,4.5,4.0.3,4+,Games,38,5,2,1
284876795,TripAdvisor Hotels Flights Restaurants,207907840,USD,0,56194,87,4,3.5,21.1,4+,Travel,37,1,26,1
284882215,Facebook,389879808,USD,0,2974676,212,3.5,3.5,95,4+,Social Networking,37,1,29,1
284910350,"Yelp - Nearby Restaurants, Shopping & Services",167407616,USD,0,223885,3726,4,4.5,11.15.0,12+,Travel,37,5,18,1
284993459,"Shazam - Discover music, artists, videos & lyrics",147093504,USD,0,402925,136,4,4.5,11.0.3,12+,Music,37,3,16,1
285005463,Crash Bandicoot Nitro Kart 3D,10735026,USD,2.99,31456,4178,4,3.5,1.0.0,4+,Games,47,0,1,1
285946052,iQuran,70707916,USD,1.99,2929,966,4.5,4.5,3.3,4+,Reference,43,0,2,1
285994151,:) Sudoku +,6169600,USD,2.99,11447,781,5,5,5.2.6,4+,Games,40,5,1,1
286058814,"Yahoo Sports - Teams, Scores, News & Highlights",130583552,USD,0,137951,131,4,4.5,6.9,4+,Sports,37,2,6,1
286070473,Mileage Log | Fahrtenbuch,71203840,USD,5.99,8,0,4.5,0,9.0.5,4+,Business,37,5,3,1
286799607,Cleartune - Chromatic Tuner,11423008,USD,3.99,3241,297,4,4,2.1.3,4+,Music,43,2,10,1
286906691,Lifesum – Inspiring healthy lifestyle app,188017664,USD,0,5795,12,3.5,4,8.4.1,4+,Health & Fitness,37,5,11,1
286911400,Hangman.,4765696,USD,0,42316,248,3,3.5,2.0.6,9+,Games,38,0,1,1
288113403,iTranslate - Language Translator & Dictionary,287933440,USD,0,123215,25,3.5,5,10.5.4,4+,Productivity,37,5,23,1
288120394,TouchOSC,4263936,USD,4.99,782,7,4,3.5,1.9.8,4+,Music,43,1,1,1
288419283,RadarScope,172772352,USD,9.99,3449,23,4,4.5,3.4.1,4+,Weather,37,5,1,1
288429040,LinkedIn,273844224,USD,0,71856,62,3.5,4.5,9.1.32,4+,Social Networking,37,2,23,1
289084315,Period Tracker Deluxe,40216576,USD,1.99,13350,489,4.5,5,9.6,12+,Health & Fitness,38,0,15,1
289446241,Election 2016 Map,2386944,USD,0.99,137,0,3,0,5,4+,Entertainment,37,1,1,1
289523017,Blackjack by MobilityWare,105431040,USD,0,180087,1101,3.5,4.5,5.5.3,12+,Games,37,5,5,1
289894882,White Noise,44129280,USD,0.99,33426,299,4,5,7.2,4+,Health & Fitness,37,5,3,1
290638154,iHeartRadio – Free Music & Radio Stations,116443136,USD,0,293228,110,4,3,8.0.0,12+,Music,37,5,2,1
290807369,Line Rider iRide™,1646592,USD,1.99,21609,69,3.5,2.5,2.4,9+,Entertainment,40,0,1,1
290986013,Deliveries: a package tracker,30016512,USD,4.99,4684,10,4,4,8.0.3,4+,Utilities,37,4,9,1
291430598,Hurricane Pro,29518848,USD,2.99,2104,0,4.5,0,5.2,17+,Weather,37,0,1,1
292421271,Fieldrunners,66872320,USD,2.99,41633,6,4,3,1.7.177604,9+,Games,37,0,1,1
292628469,Juxtaposer,45229056,USD,2.99,3610,7,4.5,5,3.8.2,4+,Photo & Video,37,5,1,1
292738169,Deezer - Listen to your Favorite Music & Playlists,127470592,USD,0,4677,12,3,4,6.19.0,12+,Music,37,5,21,1
293118835,iStellar,44241920,USD,3.99,30,0,3.5,0,2.9.0,4+,Navigation,37,0,2,0
293523031,Sonos Controller,107983872,USD,0,48905,2691,4.5,4.5,7.2,4+,Music,37,4,12,1
293573778,Avertinoo,8044544,USD,4.99,32,0,3,0,3.9.2,4+,Navigation,38,5,7,1
293622097,Google Earth,37214208,USD,0,446185,1359,3.5,3.5,7.1.6,4+,Travel,43,5,30,1
293760823,iFart - The Original Fart Sounds App,60320768,USD,1.99,21825,10,3,4,4.0.8,9+,Entertainment,37,5,1,1
293778748,PAC-MAN,100849664,USD,0,508808,99,3,4.5,6.3.5,4+,Games,38,5,10,1
294056623,FOX Sports Mobile,72748032,USD,0,57500,103,3,4,3.5.13,4+,Sports,37,0,1,0
294536447,First Words Animals,32164864,USD,1.99,2576,4,4,5,7,4+,Games,38,5,1,1
294631159,WeatherPro,69079040,USD,1.99,1572,34,4,4.5,4.8.2,4+,Weather,37,0,13,1
294934058,HotSchedules,82037760,USD,2.99,3292,2,3,5,4.56.1,4+,Business,37,2,2,1
295430577,Star Walk - Find Stars And Planets in Sky Above,150195200,USD,4.99,8932,55,4.5,5,7.2.3,4+,Education,37,0,12,1
295646461,"The Weather Channel: Forecast, Radar & Alerts",199734272,USD,0,495626,5893,3.5,4.5,8.11,4+,Weather,37,0,33,1
295759189,Big Day - Event Countdown,13156352,USD,0.99,812,14,3,4,8.2.0,4+,Lifestyle,38,0,7,1
295775656,12 Steps AA Companion - Alcoholics Anonymous,30367744,USD,2.99,1583,2,3.5,4.5,2.5.9.2,12+,Lifestyle,37,5,1,1
296581815,OpenTable - Restaurant Reservations,93420544,USD,0,113936,150,4.5,5,10.18.0,4+,Food & Drink,37,1,6,1
297244048,VLC Remote,31505408,USD,4.99,2027,2,4,5,9.3,4+,Entertainment,37,5,33,1
297332787,gFlashPro - Flashcards & Tests,25997312,USD,3.99,768,4,4,4,7.1,4+,Education,37,3,3,1
297368629,Lose It! – Weight Loss Program and Calorie Counter,182054912,USD,0,373835,402,4,4.5,8.0.2,4+,Health & Fitness,37,3,1,1
297430070,Target,138754048,USD,0,108131,13,3,2,8.21.0,4+,Shopping,37,0,1,1
297606726,Fish Tycoon,13564835,USD,0.99,18943,1787,3.5,4.5,1.1.0,4+,Games,47,0,1,1
297606951,"Amazon App: shop, scan, compare, and read reviews",133688320,USD,0,126312,22,3.5,3,9.10.0,4+,Shopping,37,5,8,1
297694601,Touchgrind,55205888,USD,4.99,35735,378,4,4.5,1.5.1,4+,Games,40,0,0,1
298127110,ProPresenter Remote,46922752,USD,4.99,410,7,3,2.5,4.8.1,4+,Utilities,37,5,1,1
298206806,iReal Pro - Music Book & Play Along,63283200,USD,12.99,1390,143,4.5,5,7.0.1,4+,Music,37,5,33,1
298596830,NRJ Radio,53426176,USD,0,38,2,3.5,5,5.2.6,4+,Music,37,5,4,1
298867247,Chase Mobile℠,39505920,USD,0,233270,14625,4.5,4.5,2.61,4+,Finance,37,0,2,1
299029654,大辞林,210088960,USD,21.99,64,0,4.5,0,4.1.1,4+,Reference,37,5,2,1
299515267,Allrecipes Dinner Spinner,36399104,USD,0,109349,1540,3.5,5,6.3,12+,Food & Drink,37,5,1,1
299853944,新浪新闻-阅读最新时事热门头条资讯视频,115143680,USD,0,2229,4,3.5,1,6.2.1,17+,News,37,0,1,1
299949744,MotionX GPS,56481792,USD,1.99,14970,24,3.5,4.5,24.2,4+,Navigation,37,0,1,1
300048137,AccuWeather - Weather for Life,181941248,USD,0,144214,2162,3.5,4,10.4.1,4+,Weather,37,1,43,1
300238550,"Mint: Personal Finance, Budget, Bills & Money",162891776,USD,0,232940,683,4,4.5,5.9.0,4+,Finance,37,5,1,1
300255638,ABC News - US & World News + Live Video,98108416,USD,0,48407,20,3,3.5,5.16,12+,News,37,0,1,0
300265786,Rowmote: Remote Control for Mac,54088704,USD,0.99,5531,37,3.5,2.5,4.3,4+,Utilities,40,3,13,1
300590611,Peekaboo Barn,50155520,USD,1.99,3393,77,4,4,5.1.0,4+,Education,43,5,1,1
300704847,Speedtest by Ookla,23936000,USD,0,65016,274,3.5,5,3.8.2,4+,Utilities,38,4,17,1
301387274,Pocket God,145293312,USD,0.99,187529,1071,4,4,1.48.2,9+,Entertainment,43,5,1,1
301521403,Nike+ Training Club - Workouts & Fitness Plans,140367872,USD,0,33969,466,3.5,5,5.4.1,4+,Health & Fitness,37,0,17,1
301724680,Citi Mobile®,281244672,USD,0,48822,193,3.5,4,8.5.0,4+,Finance,37,0,1,1
302049354,Phase 10 Pro - Play Your Friends!,66695168,USD,1.99,59155,101,4.5,2.5,3.2.0,4+,Games,40,5,1,1
302584613,"Kindle – Read eBooks, Magazines & Textbooks",169747456,USD,0,252076,80,3.5,4.5,5.11,4+,Book,37,5,9,1
303058767,MASH,41691136,USD,1.99,4913,1,4,4,3.3.2,9+,Games,37,3,15,1
303191318,同花顺-炒股、股票,122886144,USD,0,1744,0,3.5,0,10.10.46,4+,Finance,37,0,1,1
303337299,Wedding Dash Deluxe,55803904,USD,0.99,16567,1155,4.5,4.5,2.29.13,4+,Games,43,4,1,1
303849934,Beer Pong Game,188956672,USD,0,187315,9,2,4,17.05.15,17+,Games,37,5,9,1
304731501,Tempo - Metronome with Setlists,22185984,USD,2.99,4781,1,4.5,5,3.9.2,4+,Music,37,5,10,1
304770340,Skat,66160640,USD,3.99,94,4,4.5,4.5,11.0.10,4+,Games,37,0,1,1
304871603,Color Splash,28135424,USD,0.99,29554,55,4,5,3.6.1,4+,Photo & Video,37,0,3,1
304871622,Zombieville USA,27962441,USD,0.99,32988,2489,4,4,1.7,12+,Games,47,5,1,1
304878510,Skype for iPhone,133238784,USD,0,373519,127,3.5,4,6.35.1,4+,Social Networking,37,0,32,1
305343404,Tumblr,151573504,USD,0,334293,919,4,4,8.6,17+,Social Networking,37,5,16,1
305557780,iSwap Faces,27069440,USD,1.99,2302,3,3.5,5,5.1,4+,Photo & Video,37,5,1,1
305939712,Match™ - #1 Dating App.,101259264,USD,0,60659,57,3,2.5,17.05.01,17+,Social Networking,37,5,10,1
306169895,Tozzle - Toddler's favorite puzzle,168192000,USD,2.99,2562,10,4,4.5,5.1,4+,Games,37,5,4,1
306257910,HomeBudget with Sync,17485824,USD,4.99,3042,6,3.5,4,3.3.0,4+,Finance,37,5,11,1
306375551,Wind Meter,5234688,USD,0.99,338,12,2.5,2,5,4+,Weather,43,0,1,1
306468004,Map My Run+ - GPS Running & Workout Tracker,237913088,USD,2.99,16434,3,4.5,4.5,17.5.5,4+,Health & Fitness,37,0,9,1
306561234,Map My Ride+ - GPS Cycling & Route Tracker,233513984,USD,2.99,10046,7,4.5,5,17.5.5,4+,Health & Fitness,37,0,9,1
306621789,"HuffPost - News, Politics & Entertainment",110420992,USD,0,29107,85,3,4,11.2,12+,News,37,5,10,1
306628397,Phrase Party!,47774720,USD,1.99,878,48,4,4.5,8.7.5,17+,Games,38,5,1,1
306937053,Minesweeper Classic,22259712,USD,0.99,1140,20,3.5,3.5,3.6,4+,Games,37,4,1,1
307132353,Sally's Spa,431771648,USD,2.99,35074,403,4.5,4,3.3.0,4+,Games,43,0,6,1
307184892,"CBS Sports App - Sports Scores, News, Stats, Watch",120357888,USD,0,59639,11,3,2.5,10.2.2,17+,Sports,37,4,1,1
307219387,Brain Wave ™ - 32 Advanced Binaural Brainwave Entrainment Programs with iTunes Music and Relaxing Ambience,90828800,USD,4.99,2913,357,4,5,7.4,4+,Health & Fitness,43,5,1,1
307354030,iSwap Faces LITE,30796800,USD,0,39722,0,3,0,5.1,4+,Photo & Video,37,5,1,1
307386350,DIRECTV,151397376,USD,0,81006,25,3.5,3,4.9.705,4+,Entertainment,37,0,1,1
307569751,NYTimes Crossword - Daily Word Puzzle Game,46880768,USD,0,53465,204,3.5,4,2.8.1,4+,Games,37,5,1,1
307727765,Doodle Jump,48741376,USD,0.99,395261,88,4.5,4.5,3.17.6,4+,Games,37,0,1,1
307741537,LEDit – The LED Banner App,17145856,USD,1.99,2021,147,4.5,4.5,3.5.1,4+,Utilities,37,4,12,1
307764057,niconico,25808896,USD,0,182,0,3,0,6.52,17+,Entertainment,37,5,3,1
307906541,Fandango Movies - Times + Tickets,81924096,USD,0,291787,589,4,5,8.6,4+,Entertainment,37,4,1,1
308111628,iCab Mobile (Web Browser),19451904,USD,1.99,2441,4,4,5,9.9,17+,Utilities,38,4,12,1
308339980,iRagdoll - Ragdoll Physics,118683648,USD,0.99,1372,25,4,4,1.8.3,12+,Games,37,2,1,1
308368164,Proloquo2Go - Symbol-based AAC,723764224,USD,249.99,773,10,4,3.5,5.0.1,4+,Education,37,5,3,1
308750436,Dictionary.com Dictionary & Thesaurus,111275008,USD,0,200047,177,4,4,7.1.3,4+,Reference,37,0,1,1
308834491,20 Minutes.fr - l'actualité en continu,109616128,USD,0,112,0,3.5,0,5.0.11,12+,News,37,5,17,1
309025938,The Masters Tournament,120725504,USD,0,148160,63,4.5,3.5,9.0.701,4+,Sports,37,5,1,1
309172177,myAT&T,68491264,USD,0,108507,628,3,3,5.3,4+,Utilities,37,5,2,1
309187846,SFR TV,122153984,USD,0,46,0,3,0,7.3.0,4+,Entertainment,37,5,1,1
309465525,"Shutterfly: Prints, Photo Books, Cards Made Easy",122315776,USD,0,51427,874,4,5,7.7.0,4+,Photo & Video,37,5,1,1
309527804,StickWars,17010688,USD,0.99,53821,165,3.5,4,1.8.9,12+,Games,43,1,1,0
309735670,Indeed Job Search,3691520,USD,0,38681,563,4,4.5,4.3,4+,Business,37,3,28,1
310303959,World Cup Table Tennis™,31387648,USD,0.99,17776,6,4,5,4.6.1,4+,Games,37,0,11,1
310633997,WhatsApp Messenger,135044096,USD,0,287589,73088,4.5,4.5,2.17.22,4+,Social Networking,12,0,35,1
310636441,"iStudiez Pro – Homework, Schedule, Grades",55815168,USD,2.99,7308,15,4,4.5,1.9.1,4+,Productivity,37,5,30,1
310738695,Zillow Real Estate - Homes for Sale & for Rent,132632576,USD,0,342969,88478,4.5,4.5,10.4.5,4+,Lifestyle,37,5,1,1
310951782,2XL Supercross,270729216,USD,4.99,6093,3,4,5,1.2.1,4+,Games,37,5,7,1
311466554,Pocket Tanks Deluxe,39827456,USD,4.99,5452,39,4.5,4.5,2.3.1,9+,Games,38,5,1,1
311548709,Wells Fargo Mobile,57328640,USD,0,43064,216,3,2.5,3.55,4+,Finance,37,0,2,1
311762416,radio.de - Der Radioplayer,40717312,USD,0,64,9,4.5,5,4.0.5,4+,Music,37,5,14,1
311785642,AutoScout24 - mobile used & new car market,141136896,USD,0,220,2,4.5,5,9.1.10,4+,Productivity,37,5,13,1
311972587,Sky Burger - Build & Match Food Free,146228224,USD,0,114096,2157,4.5,4,3.0.3,4+,Games,37,5,3,1
312220102,MindNode – Delightful Mind Mapping,52294656,USD,9.99,1296,4,4,5,4.5.3,4+,Productivity,37,4,13,1
312266675,Packing Pro,16332800,USD,2.99,1293,31,4,5,12.2,4+,Travel,37,5,11,1
312325565,USAA Mobile,164382720,USD,0,19946,13,4,2.5,7.32.3,4+,Finance,37,5,1,1
312343159,The Moron Test,45712384,USD,0,88613,392,4,4.5,6.3.1,4+,Entertainment,37,5,1,1
313199385,Sunday Lawn,16086016,USD,0.99,107727,55,3.5,4.5,1.41.1,4+,Games,37,3,1,1
314303518,Peggle Classic,223805440,USD,0.99,21416,974,4.5,4.5,1.7.2,4+,Games,43,0,5,1
314506629,SmartGo Player,22159360,USD,2.99,533,27,4,4,2.5.1,4+,Games,37,3,9,1
314652382,I Am T-Pain 2.0,20542280,USD,2.99,32650,754,3.5,3.5,2.0.4,12+,Music,43,1,1,1
314716233,TextNow - Unlimited Text + Calls,130637824,USD,0,164963,69,3.5,4,8.5.1,4+,Social Networking,37,5,3,1
314819528,Boating Weather,8900608,USD,1.99,141,15,3,3,4.5,4+,Weather,40,0,1,1
314855255,Best Buy,180500480,USD,0,80424,46,4,4.5,10.11.0,4+,Shopping,37,5,2,1
314864297,I Dig It,19853312,USD,0.99,17190,180,4,4.5,1.12,4+,Games,40,0,1,1
315021242,Unblock Me,42926080,USD,0.99,7973,127,4,5,1.5.95,4+,Games,40,5,15,1
316025912,Sonic The Hedgehog,36692992,USD,2.99,19621,1191,4,4.5,2.1.2,4+,Games,37,5,1,1
316227296,10 Pin Shuffle Pro Bowling,36647936,USD,3.99,7315,138,4,4.5,2.01,4+,Games,37,5,6,1
316391924,Sky News,91697152,USD,0,118,0,3,0,4.6,12+,News,37,5,1,1
317469184,"ESPN: Get scores, news, alerts & watch live sports",51538944,USD,0,290996,150,3.5,3.5,5.7.1,4+,Sports,37,5,2,1
317809458,LiveATC Air Radio,8302592,USD,3.99,2785,90,4,4,1.9.0,4+,Travel,37,5,26,1
317904170,The Sims 3,430128128,USD,6.99,54408,65,3.5,2,1.4.10,12+,Games,37,5,8,1
318304532,"Chess Pro with Coach - Learn,Play & Online Friends",69960704,USD,9.99,8138,107,4,4.5,2.89,4+,Games,37,5,13,1
318592730,Guess My Age  Math Magic,767126,USD,0,123190,68841,3,3,1.1,4+,Education,47,0,1,1
318639200,Crush the Castle,12996628,USD,0.99,23810,582,3.5,4,1.5,12+,Games,45,0,1,1
319204550,2016 U.S. Open Golf Championship,139545600,USD,0,54192,32,4,2,8.0.263,4+,Sports,37,0,1,1
319284643,"The Championships, Wimbledon 2016 - Tennis Grand Slam",130394112,USD,0,20953,481,4,4,8.1,4+,Sports,37,5,1,1
319295332,TuneIn Radio Pro - MLB Audiobooks Podcasts Music,101925888,USD,9.99,71609,99,4.5,4,11.9,12+,Music,37,4,14,1
319740707,NBC News,52951040,USD,0,32881,7,3.5,2,5.11.0,12+,News,37,5,1,1
319881193,"Grindr - Gay and same sex guys chat, meet and date",80409600,USD,0,23201,14,2.5,2,3.9.1,17+,Social Networking,37,5,5,1
320029256,Whole Foods Market,137312256,USD,0,17906,4,3,3,8.3.17,4+,Shopping,37,5,1,1
320279293,NAVIGON Europe,144412672,USD,74.99,927,3,3.5,2.5,2.17,4+,Navigation,37,2,21,1
320300350,Virtual Families,27746273,USD,1.99,18920,3014,3.5,4.5,1.1.2,9+,Games,47,0,1,1
320596872,Sparkasse+,119648256,USD,0.99,30,0,3,0,3.1.3,4+,Finance,37,0,3,1
320599923,Sparkasse - Your mobile branch,119574528,USD,0,77,1,3,4,3.1.3,4+,Finance,37,0,3,1
320606217,Sleep Cycle alarm clock,79315968,USD,0,104539,11,4.5,4.5,5.4.1,4+,Health & Fitness,37,5,13,1
320636131,FACEinHOLE®,12818432,USD,0.99,4016,1,4,5,5.7,12+,Photo & Video,37,5,1,1
320650307,Harvest - Select the Best Produce,18165760,USD,1.99,299,28,4,4.5,3.1,4+,Food & Drink,38,0,1,1
321369231,WORMS,253834240,USD,1.99,5758,9,4,3,2.6,12+,Games,40,0,1,1
321756558,Pixel Starships™ : 8Bit MMORPG,69083136,USD,0,5565,140,4.5,4.5,0.39,9+,Games,37,5,17,1
322423174,Traffic Rush,8573952,USD,0.99,213092,51,3.5,4.5,1.45.1,9+,Games,37,3,1,1
322439990,MyRadar NOAA Weather Radar Forecast,127284224,USD,0,150158,3392,4.5,5,5.1.4,4+,Weather,37,2,8,1
322523436,Resident Evil 4: PLATINUM,81374398,USD,4.99,6046,446,4,4,1.04.10,12+,Games,47,0,1,1
323229106,"Waze - GPS Navigation, Maps & Real-time Traffic",94139392,USD,0,345046,3040,4.5,4.5,4.24,4+,Navigation,37,5,36,1
323242790,Cartoon Wars,13216994,USD,0.99,35930,262,3.5,4,114,12+,Games,43,0,1,1
323438913,Moto X Mayhem,21010210,USD,0.99,22557,526,4,4,1.8.7,4+,Games,47,0,1,1
324266640,Fantasy Football Manager - FFM for FPL,35998720,USD,0.99,292,1,3,5,9.3,17+,Sports,37,1,1,1
324684580,Spotify Music,132510720,USD,0,878563,8253,4.5,4.5,8.4.3,12+,Music,37,5,18,1
324887734,McDo France,37001216,USD,0,22,0,3.5,0,4.0.16,4+,Food & Drink,37,0,30,1
325462190,PGA Championship 2016 – Baltusrol Golf Club,64147456,USD,0,10472,58,3.5,2,8.1,17+,Sports,37,5,1,0
325658560,BFMTV : l'info en continu,100779008,USD,0,115,70,4,5,5.0.3,17+,News,37,4,1,0
325683306,"MyRadar Pro NOAA Weather Radar, Forecasts & Storms",123718656,USD,1.99,13915,205,4.5,5,5.1.4,4+,Weather,37,2,8,1
325954996,Spider:  The Secret of Bryce Manor,126312448,USD,1.99,6780,68,4,4.5,1.5,9+,Games,38,0,5,1
325962257,My Measures PRO,79882240,USD,7.99,1701,35,4,4.5,6.06,4+,Productivity,37,5,21,1
326082487,Food Additives Checker (E Numbers),6418432,USD,1.99,6,0,3.5,0,4.1.2,4+,Health & Fitness,37,0,8,1
326161564,SFR Mon Compte,74093568,USD,0,19,0,3,0,6.4.0,4+,Utilities,37,5,1,1
326574411,Baby Connect (Activity Log),12937216,USD,4.99,3483,79,4.5,5,5.4.3,4+,Medical,37,0,14,1
326876192,Epson iPrint,53388288,USD,0,2838,26,3,2.5,6.3.1,4+,Photo & Video,37,5,12,1
326885152,Mad Libs,118498304,USD,0,117889,725,3,4.5,3.3.3,4+,Entertainment,38,1,1,1
326979430,BATTLE BEARS: Zombies!,103197675,USD,0.99,50710,309,3.5,4,1.6.7,9+,Games,45,0,1,1
327193945,Hurricane Tracker,24574976,USD,2.99,3960,0,4.5,0,5,4+,Weather,37,0,1,1
327243363,NFL Sunday Ticket,96093184,USD,0,24258,305,3,2.5,2.6.042,4+,Entertainment,37,0,1,1
327455869,2016 US Open Tennis Championships,77700096,USD,0,37522,39,4,3,8.0.353,4+,Sports,37,4,1,1
327630330,Dropbox,180804608,USD,0,49578,16,3.5,3,50.2,4+,Productivity,37,5,20,1
328011357,Wa Kingyo - Goldfish Pond,56397824,USD,0.99,626,44,4,5,2.0.3,4+,Entertainment,38,5,2,1
328205875,Monkey Preschool Lunchbox,229272576,USD,1.99,9286,49,4,3.5,4.02,4+,Games,38,5,1,1
328415391,Yahoo Fantasy Sports,131000320,USD,0,190670,19,3.5,2.5,9.1.0,17+,Sports,37,3,45,1
329127297,Gaia GPS Classic,53097472,USD,19.99,2429,8,4.5,3.5,10.9.13,4+,Navigation,37,5,16,1
329174056,iLoan Calc (Loan calculator),3375104,USD,3.99,0,0,0,0,5.1.0,4+,Finance,37,5,3,1
329541503,Geocaching®,108166144,USD,0,12811,134,3.5,1.5,5.3,4+,Navigation,37,0,22,1
329670577,Camera+,89187328,USD,1.99,32338,261,4,4.5,9.1,4+,Photo & Video,37,0,10,1
329703516,Alter Ego,13647872,USD,4.99,262,43,4,4,1.3.0,12+,Games,40,5,1,1
329887910,Parking Mania,123544576,USD,0.99,9657,47,4.5,4.5,2.5.0,4+,Games,38,0,12,1
329981776,Sudoku⁺,1608704,USD,2.99,18332,1007,4.5,5,3.4,4+,Games,37,5,2,1
330376830,Period Tracker Lite,50169856,USD,0,53620,2872,4,5,9.5.1,12+,Health & Fitness,38,0,15,1
330803072,Camera Plus: For Macro Photos & Remote Photography,101181440,USD,0.99,38533,36,2.5,3.5,4.5.4,4+,Photo & Video,37,4,11,1
331004675,The perfect Egg timer,15329280,USD,0.99,40,0,3.5,0,1.8.9,4+,Food & Drink,37,4,7,1
331177703,Letter Quiz - alphabet tracing for kids,31845376,USD,1.99,472,0,4,0,2.4,4+,Games,37,5,1,1
331177714,Starbucks,135032832,USD,0,303856,7027,4.5,4.5,4.3.5,4+,Food & Drink,37,0,2,1
331259725,央视影音-海量央视内容高清直播,54648832,USD,0,2070,0,2.5,0,6.2.0,4+,Sports,37,0,1,1
331271904,Bloons TD,8432232,USD,2.99,7941,76,4,3.5,1.2.1,4+,Games,47,0,1,1
331308914,Weight Watchers,230720512,USD,0,136833,64,3.5,4.5,5.9.0,12+,Health & Fitness,37,5,6,1
331786748,"CNN: Breaking US & World News, Live Video",80211968,USD,0,112886,298,3.5,1.5,5.3,12+,News,37,1,1,1
331804452,Gilt,148201472,USD,0,26353,3,3.5,2.5,5.1.3,4+,Shopping,37,5,2,1
332568551,TRUTH or DARE!!! - FREE,20795392,USD,0,171055,31,3,3.5,5,12+,Entertainment,38,1,1,1
333180061,Canabalt,27934720,USD,2.99,4540,140,4,4.5,2.31,9+,Games,43,5,15,1
333206289,Alipay - Makes Life Easy,208309248,USD,0,1926,2,3,3,10.0.15,4+,Lifestyle,38,5,3,1
333246187,Scanner911 Pro,33812480,USD,3.99,14345,100,4,2.5,4,12+,News,37,0,1,1
333263435,Daily Teachings,20298752,USD,4.99,1340,288,4.5,5,1.7.3,4+,Lifestyle,38,0,1,1
333710667,Scanner Pro - PDF document scanner app with OCR,101346304,USD,3.99,31912,154,4.5,5,7.1.3,4+,Business,37,5,9,1
333903271,Twitter,210569216,USD,0,354058,452,3.5,4,6.79.1,17+,News,37,2,33,1
334235181,"Trainline UK: Live Train Times, Tickets & Planner",110198784,USD,0,248,0,4,0,22,4+,Travel,37,4,1,1
334256223,CBS News - Watch Free Live Breaking News,78047232,USD,0,11691,44,3.5,4.5,3.5.1,12+,News,37,5,1,1
334264405,iOvilus,9946112,USD,1.99,381,6,3,2,iOV 2.1.3,12+,Entertainment,38,0,1,1
334503000,The Impossible Quiz!,44652544,USD,0,18884,451,4,4.5,1.62,9+,Entertainment,37,0,1,1
334989259,WolframAlpha,30369792,USD,2.99,7410,82,4,4.5,1.7.3,9+,Reference,37,5,1,1
335029050,Catan,376171520,USD,1.99,15175,308,4,4,4.6.2,4+,Games,38,0,6,1
335047649,ScanBizCards Business Card Reader,96815104,USD,0.99,3166,34,4,4.5,6.08,4+,Business,37,5,5,1
335364882,"Walgreens – Pharmacy, Photo, Coupons and Shopping",169138176,USD,0,88885,333,4.5,4,6.5,12+,Shopping,37,5,1,1
335545504,King of Dragon Pass,364490752,USD,9.99,882,85,5,5,2.3.2,12+,Games,43,5,1,1
335709058,Stylebook,44135424,USD,3.99,1729,599,4,4.5,7,17+,Lifestyle,37,5,3,1
335744614,NBA,112074752,USD,0,43682,19,3.5,2.5,2013.4.3,4+,Sports,37,5,1,1
335862325,Blower,98942976,USD,0.99,861,70,2,2.5,4.2,4+,Entertainment,40,4,1,1
335875911,My Cycles Period and Ovulation Tracker,77686784,USD,0,7469,68,3.5,5,5.10.3,12+,Health & Fitness,37,0,2,1
335989871,"Kmart – Download Now, Shop Online & Pick Up Today!",94496768,USD,0,4186,6,3.5,4.5,17,4+,Shopping,37,0,1,1
336141475,优酷视频,204959744,USD,0,4885,0,3.5,0,6.7.0,12+,Entertainment,38,0,2,1
336347946,DOOM Classic,32796672,USD,4.99,3970,509,4,4,2.7,17+,Games,40,3,5,1
336353151,SoundCloud - Music & Audio,105009152,USD,0,135744,594,4,4.5,5.6.0,4+,Music,37,4,7,1
336435697,imo video calls and chat,22562816,USD,0,18841,0,4,0,7.0.84,4+,Social Networking,38,2,29,1
336477530,Plane Finder - Flight Tracker,52632576,USD,3.99,1438,171,4,4,9.4.1,4+,Navigation,37,3,10,1
336599882,"Runtastic Running, Jogging and Walking Tracker",151388160,USD,0,10298,7,4.5,3.5,7.3,4+,Health & Fitness,37,0,15,1
336683524,iFiles,47323136,USD,0.99,1842,23,3.5,2.5,1.17.11,4+,Productivity,38,1,1,1
336689375,TeachMe: Kindergarten,59846656,USD,1.99,2548,5,4,4,4.2.2,4+,Education,37,5,1,1
336834650,Moorhuhn Deluxe - Crazy Chicken,27807744,USD,0.99,319,12,3,5,2.8.0,12+,Games,38,5,5,1
336860594,Victoria’s Secret – The Sexiest Bras & Lingerie,60976128,USD,0,34507,38,3.5,5,5.2.1,12+,Shopping,37,0,1,1
337021781,MONOPOLY Game,194386944,USD,0.99,26482,331,3.5,2.5,1.4.04,4+,Games,37,0,6,1
337056601,n-tv Nachrichten,49470464,USD,0,273,0,3,0,5.25,12+,News,37,5,1,1
337288863,Shazam Encore,147118080,USD,2.99,8331,24,4,3.5,11.0.2,12+,Music,37,3,15,1
337402021,Harry Potter: Spells,125411328,USD,0.99,17023,916,4,4.5,2.2,4+,Games,40,0,1,1
337462979,First Words Deluxe,63316992,USD,4.99,1101,8,4,4,7,4+,Games,38,5,1,1
337571576,Clay Hunt,15313920,USD,0.99,1193,1,4,2,3.5.3,17+,Games,40,5,1,1
337710261,Dream Team - be your own fantasy football manager,69816320,USD,0,35,0,2.5,0,12.8.0,17+,Sports,37,3,1,1
337866370,Jet Car Stunts,32848910,USD,1.99,4088,436,4,4.5,1.5.0,4+,Games,47,4,1,1
338057689,Call of Duty: Zombies,52821364,USD,4.99,63943,31264,4,4,1.5.0,17+,Games,47,0,1,1
338137227,"Walmart: Free 2-Day Shipping,* Easy Store Shopping",146507776,USD,0,70286,51,3,4,17.8,4+,Shopping,37,0,1,1
338761996,AirWatch Agent,24747008,USD,0,1150,0,2.5,0,5.5,4+,Business,37,5,19,1
338828953,Shop Savvy Barcode Scanner - Price Compare & Deals,89517056,USD,0,54630,280,2.5,4.5,12,4+,Shopping,37,4,1,1
339440515,Voice Changer Plus,40722432,USD,0,98777,233,3,4,5.01,4+,Entertainment,37,2,12,1
339462921,CatPaint,73332736,USD,0.99,649,11,4,4,3.5.1,4+,Photo & Video,37,5,1,1
339532909,Redbox,83906560,USD,0,60236,58,3,4.5,5.24,12+,Entertainment,37,0,1,1
340368403,クックパッド - No.1料理レシピ検索アプリ,76644352,USD,0,115,0,3.5,0,17.5.1.0,4+,Food & Drink,37,5,1,1
340769953,Trenches,37340259,USD,0.99,26732,1428,4,4.5,1.9.3,17+,Games,43,0,1,1
340779800,The Christmas List,26137600,USD,1.99,2722,1,4.5,5,2.1,4+,Shopping,37,0,1,1
341036067,Macy's,107816960,USD,0,11013,76,3.5,5,5.11.0,4+,Shopping,37,0,1,1
341232718,Calorie Counter & Diet Tracker by MyFitnessPal,152700928,USD,0,507706,181,4.5,4.5,7.16,4+,Health & Fitness,37,5,19,1
341329033,BlaBlaCar - Trusted Carpooling,112024576,USD,0,397,0,4.5,0,4.10.1,4+,Travel,37,0,16,1
341691394,Refills Calendar - Scheduler - Note,35864576,USD,9.99,196,3,4,5,4.0.1,4+,Productivity,38,5,2,1
341776037,5-0 Radio Pro Police Scanner (Extra Feeds),49594368,USD,3.99,24553,2620,4,4.5,39.1,9+,News,38,5,26,1
342115564,Hipstamatic,114081792,USD,2.99,12557,6,3.5,5,337,4+,Photo & Video,37,5,15,1
342138881,Sing Karaoke Songs Unlimited with StarMaker,91267072,USD,0,26227,7,4,4.5,6.0.3,9+,Music,37,4,14,1
342548956,TurboScan™ Pro - document & receipt scanner: scan multiple pages and photos to PDF,8821760,USD,4.99,28388,7009,5,5,2.8.2,4+,Business,38,5,9,1
342602105,Positivity with Andrew Johnson,69513216,USD,2.99,282,1,4,5,3.38,4+,Health & Fitness,38,4,1,1
342699962,Rat On A Scooter XL,7767040,USD,0.99,19296,7,4,4,1.24.1,4+,Games,37,3,1,1
342792525,IMDb Movies & TV - Trailers and Showtimes,88702976,USD,0,183425,4724,4.5,5,7.11,12+,Entertainment,37,5,10,1
343200656,Angry Birds,175966208,USD,0,824451,107,4.5,3,7.4.0,4+,Games,38,0,10,1
343555245,DB Navigator,84791296,USD,0,512,6,3.5,5,17.04.00,4+,Travel,38,0,2,1
343638336,Video Calls with Santa,27997184,USD,2.99,315,0,3.5,0,5.1,4+,Lifestyle,37,0,31,1
343889987,Voyages-sncf.com : book train and bus tickets,131463168,USD,0,268,0,3.5,0,38,4+,Travel,37,5,6,1
344065205,The Font Game,5415000,USD,1.99,438,295,4.5,4.5,2.1,4+,Games,45,0,1,1
344176018,ImmobilienScout24: Real Estate Search in Germany,126867456,USD,0,187,0,3.5,0,9.5,4+,Navigation,37,5,3,1
344186162,Grand Theft Auto: Chinatown Wars,878883840,USD,4.99,15142,73,4,4,4.4,17+,Games,38,5,6,1
344542975,Southwest Airlines,88773632,USD,0,30552,18,3,2.5,4.5.1,4+,Travel,37,0,1,1
345445479,The Sims 3 World Adventures,812758016,USD,2.99,9744,42,3.5,3,1.2.21,12+,Games,37,4,6,1
345542655,Star Chart,28616704,USD,0,13482,2517,4.5,4.5,3.98,4+,Education,38,5,8,1
346184215,TaxCaster – Free tax refund calculator,7111680,USD,0,17516,125,3.5,5,7.2,4+,Finance,37,5,1,1
346453382,Glow Hockey 2 FREE,34056767,USD,0,186653,226,3.5,3.5,2.2.9,4+,Games,43,0,1,1
346513173,"Big Button Box - funny sounds, sound effects buttons, pro fx soundboard, fun games board, scary music, annoying fart noises, jokes, super cool dj effect, cat, dog & animal fx",21450752,USD,0.99,10031,142,4,5,4.1,4+,Entertainment,43,0,1,1
346997126,TV SPIELFILM - TV Programm mit Live TV,97879040,USD,0,81,0,3,0,5.2,4+,Entertainment,37,5,1,1
347310316,All-in-1 Logic GameBox,22299021,USD,0.99,9854,823,4,4,1.19,4+,Games,47,0,1,1
347393479,Roadside America,10231808,USD,2.99,1093,106,4,4.5,1.9.0,9+,Travel,38,0,1,1
347400507,Pocket Yoga,132480000,USD,2.99,4475,95,4.5,4.5,5.3.2,4+,Health & Fitness,37,5,2,1
347411942,Sonic the Hedgehog 2,47182848,USD,2.99,9405,1089,4,4.5,3.1.10,4+,Games,37,5,1,1
347418999,Simply Being - Guided Meditation for Relaxation and Presence,100048896,USD,1.99,2417,1366,4.5,4.5,6,4+,Health & Fitness,38,2,1,1
347803339,CamCard - Business card scanner & reader,174839808,USD,0.99,2923,300,4.5,4.5,7.9.5,4+,Business,37,0,7,1
348530331,This American Life,13725696,USD,2.99,8657,1468,3.5,4,3.0.8,9+,Entertainment,38,4,1,1
348543978,Timetracks - Slit-Scan Camera,11369472,USD,0.99,70,1,2,1,2.2.0,4+,Photo & Video,37,4,5,1
348684697,franceinfo - l'actualité & les élections en direct,155857920,USD,0,162,32,4,5,5.2.0,17+,News,37,5,2,1
349079731,DOUBUTSU URANAI®-Animal Fortune-,38718464,USD,0.99,5,0,4,0,2.9.5,4+,Lifestyle,40,0,2,1
349276209,Doodle Army,17879270,USD,0.99,12354,1428,4,4.5,3.1.0,12+,Games,47,0,1,1
349442137,Ameba,96635904,USD,0,269,0,3,0,8.6.1,12+,Social Networking,37,0,1,1
350480010,eBook: War and Peace,8039424,USD,3.99,0,0,0,0,7.1,9+,Book,37,5,1,1
350642635,Plants vs. Zombies,105379840,USD,0.99,426463,680,5,4,1.9.13,9+,Games,38,0,5,1
350962117,Weibo,199585792,USD,0,7265,11,3.5,4,7.5.2,17+,Social Networking,37,5,2,1
351091731,大众点评-发现品质生活,244516864,USD,0,844,1,4,1,9.2.4,17+,Lifestyle,37,5,2,1
351184863,AlloCiné : Cinéma et Séries,123450368,USD,0,101,1,4,5,7.1.0,12+,Entertainment,37,5,1,1
351331194,"Badoo - Meet New People, Chat, Socialize.",157625344,USD,0,34428,23,4.5,4,5.8.0,17+,Social Networking,37,4,30,1
351707231,Flick Kick Field Goal,75612160,USD,1.99,36946,152,4.5,4,1.11.0,4+,Games,38,5,3,1
351727428,Venmo,68153344,USD,0,21090,1325,4.5,5,7.1.0,4+,Finance,37,4,1,1
351939099,"Dungeons & Such Treasures,Collectibles and Dragons",84469760,USD,2.99,653,8,4.5,4.5,3.4.2,12+,Games,37,1,31,1
351986992,"StarMap 3D+: Night Sky, Astronomy, Star View Guide",100368384,USD,3.99,1118,29,4.5,5,3.5.3,4+,Education,37,5,29,1
352000376,Shift Worker,7344128,USD,1.99,348,33,4,4,1.5.4,4+,Productivity,40,0,1,0
352041837,"Spy Calc - Hide pictures, videos, documents",25097281,USD,1.99,207,50,3.5,3,3.0.3,9+,Utilities,40,0,34,1
352199775,Waterlogged - Daily Hydration Tracker,43439104,USD,0,5000,23,4.5,4.5,2.5.11,12+,Health & Fitness,37,5,10,1
352247139,MyNetDiary PRO - Calorie Counter and Food Diary,83851264,USD,3.99,15188,272,4.5,4,5.3,12+,Health & Fitness,37,0,2,1
352509417,The Washington Post Classic,118980608,USD,0,18572,307,4.5,4.5,3.8.2,12+,News,37,3,1,1
352670055,F-Sim Space Shuttle,76394496,USD,4.99,6403,491,4.5,4.5,2.1,4+,Games,43,5,1,1
352683833,"Groupon - Deals, Coupons & Discount Shopping App",127382528,USD,0,417779,914,4.5,4.5,17.7,12+,Shopping,37,4,10,1
353372460,Learn to Speak Spanish Fast With MosaLingua,48819200,USD,4.99,9,1,5,5,9.2,12+,Education,38,5,5,1
353573707,"Coaster VR, Extreme Endless 3D Stereograph",30977024,USD,0.99,107,0,2.5,0,1.1.5,4+,Entertainment,37,5,1,1
353603279,Parents Calling Easter Bunny,8073209,USD,1.99,72,72,2,2,1,4+,Lifestyle,47,0,1,1
353642901,Sporcle,15676416,USD,2.99,2044,10,3.5,3,5.4,9+,Games,37,5,1,1
353665650,"Univision Deportes: Liga MX, MLS, Fútbol En Vivo",81876992,USD,0,16683,21,3.5,2.5,5.5,4+,Sports,37,5,2,1
354051766,DOOM II RPG,48700821,USD,0.99,1455,1450,3,3,1,12+,Games,47,0,1,1
354655665,STREET FIGHTER IV,581353472,USD,4.99,15056,751,4,4,1.00.12,17+,Games,40,0,3,1
354850853,Dr. Seuss Camera - The Cat in the Hat Edition,9906176,USD,0.99,249,5,4.5,4.5,1.5.5,4+,Photo & Video,37,0,1,1
354972939,FINAL FANTASY,114843648,USD,7.99,6091,75,4,3.5,1.1.2,9+,Games,38,3,8,1
354974729,FINAL FANTASY II,199450624,USD,7.99,2754,55,4,2.5,1.1.1,9+,Games,38,5,6,1
355524910,Worms 2: Armageddon,529755136,USD,4.99,9870,12,4.5,4.5,1.25,12+,Games,40,5,1,1
355554941,SoundHound Song Search & Music Player,70516736,USD,0,82602,13,4,4.5,7.6,9+,Music,37,5,23,1
355709084,Jourist Weltübersetzer,147066880,USD,7.99,0,0,0,0,2.8,4+,Travel,40,5,1,1
355940964,TeachMe: 1st Grade,90241024,USD,1.99,762,5,4,5,4.0.2,4+,Education,37,5,1,1
356618664,TeachMe: 3rd Grade,174268416,USD,1.99,160,2,4,3,2.0.2,4+,Education,37,5,1,1
356968629,ヤフオク! 利用者数NO.1のオークション、フリマアプリ,187040768,USD,0,9,0,3,0,6.14.0,17+,Shopping,37,0,1,1
357218860,Kik,151864320,USD,0,260965,228,4,3,11.21.0,12+,Social Networking,37,0,14,0
357404131,Slow Shutter Cam,4466688,USD,1.99,2305,100,4,5,4,4+,Photo & Video,37,5,4,1
357421934,PeakFinder Earth,35478528,USD,4.99,137,21,4,5,3.0.7,4+,Travel,37,3,10,1
357467791,AgingBooth,31869952,USD,0,11999,233,4,4.5,3.9.5,4+,Entertainment,37,4,1,1
357577420,"iWatermark - Watermark 1 or Batch of Photos. Watermarking with Text, Logo, & Graphics Overlays.",21771264,USD,1.99,1995,148,4.5,4.5,6.5,12+,Photo & Video,38,5,14,1
357828853,Tabs & Chords by Ultimate Guitar - learn and play,103049216,USD,2.99,35045,250,4.5,4.5,3.1.2,4+,Music,37,0,6,1
358055270,"Dude, your car!",40586240,USD,0.99,343,15,4,4.5,2.5,4+,Entertainment,38,0,30,1
358207332,Drawing Pad,220397568,USD,1.99,1824,113,4,4,2.5.1,4+,Entertainment,24,5,22,1
359891723,ESPN Tournament Challenge,69057536,USD,0,39642,492,4,4,5.5.3,4+,Sports,37,5,1,1
359917414,Solitaire,101943296,USD,0,679055,9673,4.5,4.5,4.11.2,4+,Games,38,4,11,1
360593530,Notability,122235904,USD,9.99,17594,143,4,4,6.5.2,4+,Productivity,37,5,14,1
361231506,Rubik's® Cube,151954432,USD,1.99,3531,177,4,4.5,2.5,4+,Games,38,5,1,1
362179828,Super Why! Power to Read,138047488,USD,3.99,1080,5,3.5,2.5,4,4+,Education,37,5,1,1
362348516,Amex Mobile,105982976,USD,0,11421,57,4,2.5,5.21.1,4+,Finance,37,4,1,1
362949845,Fruit Ninja Classic,104590336,USD,1.99,698516,132,4.5,4,2.3.9,4+,Games,38,5,13,1
363201632,Animation Creator HD,32051200,USD,3.99,4497,448,4,4,1.14.3,12+,Entertainment,24,5,1,1
363282253,Plants vs. Zombies HD,225859584,USD,0.99,163598,503,5,4,1.9.12,9+,Games,24,5,5,1
363306776,SCRABBLE Premium for iPad,229992448,USD,9.99,39678,114,3.5,3.5,5.19.0,4+,Games,24,5,6,1
363317633,Graphic - illustration and design,32604160,USD,8.99,1809,52,4.5,3.5,3.2.5,4+,Productivity,24,5,1,1
363360636,Ship Finder,22948864,USD,4.99,624,20,3.5,3.5,9.0.1,4+,Navigation,37,1,1,1
363448251,Photogene ⁴,35422208,USD,2.99,3761,596,4.5,4.5,4.3,4+,Photo & Video,40,5,1,1
363451838,Hurricane HD,32083968,USD,3.99,353,8,4,3.5,3,12+,Weather,24,5,1,1
363486802,Star Walk HD - Night Sky Map,150221824,USD,4.99,6503,60,4.5,5,7.2.3,4+,Education,24,5,12,1
363486833,Space War HD,30270464,USD,0.99,71,3,3,4.5,5.3,4+,Games,37,2,4,1
363590051,Netflix,125016064,USD,0,308844,139,3.5,3,9.21.3,4+,Entertainment,37,5,20,1
363738376,forScore,35717120,USD,9.99,3909,36,4.5,5,10.2.5,4+,Music,24,5,14,1
363992049,ComicGlass [ComicReader],31955968,USD,2.99,308,0,4.5,0,9.11,12+,Utilities,40,5,7,1
363998953,iAnnotate PDF,44099584,USD,9.99,11156,8,4.5,2.5,3.2.6,4+,Productivity,24,5,1,1
364017607,ArtStudio for iPad - Draw Sketch and Paint,34310144,USD,4.99,8542,543,4.5,5,5.98,4+,Photo & Video,26,5,1,1
364159440,Call of Duty: Zombies HD,35602607,USD,4.99,5853,3860,3.5,4,1.3.3,17+,Games,26,4,1,1
364165557,Small World 2,234123264,USD,1.99,1506,198,4,4.5,2.5.1,9+,Games,26,5,6,1
364183992,Qzone,133874688,USD,0,1649,1,3.5,5,7.2.8,4+,Social Networking,37,0,3,1
364191819,ABC – Watch Live TV & Stream Full Episodes,85724160,USD,0,78890,449,3,3.5,5.0.14,12+,Entertainment,37,5,1,0
364204209,Fieldrunners for iPad,219693056,USD,3.99,2147,23,4,5,1.3.177598,9+,Games,24,5,1,1
364234221,Angry Birds HD,176164864,USD,0,89110,114,4.5,4,7.4.0,4+,Games,24,5,10,1
364252504,"The Weather Channel App for iPad – best local forecast, radar map, and storm tracking",59101184,USD,0,208648,25664,4,4.5,4.5.1,4+,Weather,24,4,1,1
364267763,Do Not Press The Red Button HD,10907191,USD,1.99,856,38,2.5,3.5,1.2,12+,Entertainment,26,3,1,1
364500115,"Digits, the calculator for humans",4177920,USD,3.99,7825,828,4.5,4.5,2.2.1,4+,Productivity,43,5,1,1
364502063,"PDF Reader Pro Edition - Annotate,edit & sign PDFs",62978048,USD,9.99,7033,119,4,4.5,8.3,4+,Business,37,5,11,1
364733950,National Geographic World Atlas,66138112,USD,1.99,4255,209,4,2,4.1.1,4+,Reference,38,5,1,1
364738545,FileBrowser - Access files on remote computers,68073472,USD,5.99,3230,5,4.5,4,9.7,4+,Utilities,37,5,7,1
364740856,Dictionary.com Dictionary & Thesaurus for iPad,165748736,USD,0,54175,10176,4.5,4.5,4,4+,Reference,24,5,9,1
364762290,Animation & Drawing by Do Ink,33857536,USD,4.99,308,8,4,4.5,4.5,4+,Education,24,5,1,1
364899325,AirCoaster - Roller Coaster Builder,22763520,USD,0.99,2602,71,3,4.5,2,9+,Games,37,4,1,1
364901807,"Documents 6 - File manager, PDF reader and browser",107259904,USD,0,29110,324,4.5,4.5,6,17+,Productivity,37,5,9,1
364904019,The World Factbook for iPad,73224192,USD,1.99,273,8,3.5,4.5,1.2.3,4+,Reference,26,5,1,1
365152940,Photo Transfer App - Easy backup of photos+videos,45182976,USD,0,15654,24,4.5,4.5,6.2.1,4+,Photo & Video,37,5,2,1
365235835,TwitCasting Viewer - Watch Live Video & Radio,16292864,USD,0,189,0,2.5,0,4.169,12+,Entertainment,37,1,9,1
365724094,Ski Tracks,24851456,USD,0.99,829,16,4.5,4.5,1.6.5,4+,Navigation,24,0,7,1
366195670,The Photographer's Ephemeris,58463232,USD,8.99,663,5,5,4,3.14.1,4+,Photo & Video,37,5,1,1
366247306,▻Sudoku,71002112,USD,0,359832,17119,4.5,5,5.4,4+,Games,40,5,7,1
366562751,"StubHub - Tickets to Sports, Concerts and Theatre",112609280,USD,0,9011,49,3.5,4,6.5.2,4+,Entertainment,37,5,6,1
366626332,"Runtastic PRO Running, Jogging and Fitness Tracker",149536768,USD,4.99,17667,14,4.5,4,7.3,4+,Health & Fitness,37,0,15,1
366869252,OverDrive – Library eBooks and Audiobooks,39844864,USD,0,65450,2721,4,4.5,3.6.4,4+,Book,37,5,18,1
367003839,Hotels & Vacation Rentals by Booking.com,105609216,USD,0,31261,374,4.5,4.5,14.4,4+,Travel,37,5,40,1
367242040,The Impossible Game,14160896,USD,0.99,9885,10,4,4,1.6.1,4+,Games,40,0,1,1
367287593,PrankDial - #1 Prank Call App,112515072,USD,0,11091,415,3,4.5,4.1.11,4+,Entertainment,37,0,6,1
367623543,Fox News,64705536,USD,0,132703,394,4,3,2.6,4+,News,37,5,1,0
367706767,Live Cams - HD,37161984,USD,4.99,286,25,2.5,5,2.0.100,4+,Travel,24,5,1,0
368494609,QR Reader for iPhone,54776832,USD,0,12683,108,4,4,5.9.2,12+,Utilities,38,0,29,1
368677368,Uber,283852800,USD,0,49466,150,3,2,3.247.2,4+,Travel,37,4,41,1
368948250,WEB.DE Mail,101923840,USD,0,168,0,4,0,6.2,4+,Productivity,37,5,2,1
369111608,iBunkoHD,40479744,USD,6.99,114,0,4,0,3.4.4,17+,Book,24,5,3,1
369266386,Hurricane Tracker For iPad,10612736,USD,2.99,2798,357,4.5,4.5,4.2,4+,Weather,24,5,1,1
369692259,"6play, TV en direct et en replay",94592000,USD,0,62,0,3.5,0,4.3.7,4+,Entertainment,37,5,1,1
369820957,AudioNote - Notepad and Voice Recorder,33213440,USD,9.99,1756,53,4,5,6.3,4+,Business,37,4,5,1
369838631,Breathing Zone: Guided Breathing for Mindfulness,37140480,USD,3.99,511,57,4.5,4.5,3.1,4+,Health & Fitness,37,5,1,1
369849199,My Virtual Girlfriend - Deluxe Dating Sim,144180224,USD,0.99,2609,9,3.5,4.5,3.62,17+,Games,40,5,1,1
369970819,Fake-A-Location Free ™,7689537,USD,0,354,215,1.5,1,1.01,4+,Social Networking,43,0,1,1
370139302,QQ 浏览器-搜新闻、选小说漫画、看视频,119812096,USD,0,1750,19,3.5,5,7.4.1,17+,Utilities,38,0,1,1
370144476,Math Ninja HD,25137152,USD,1.99,1121,209,4.5,4.5,1.7,9+,Games,43,5,1,1
370406465,Résultats Foot en Direct,65074176,USD,0,339,7,4.5,4.5,4.0.1,4+,Sports,38,0,1,1
370697773,Chase Mobile,34950144,USD,0,34322,3167,4.5,4.5,3.62,4+,Finance,24,5,1,1
370899391,Captio - Email yourself with 1 tap,19054592,USD,1.99,162,17,4.5,4.5,2.8.1,4+,Productivity,38,3,3,1
370901726,My Vodafone,83575808,USD,0,8,1,3,1,6.5,4+,Utilities,37,3,1,1
371338715,Math Bingo,14602240,USD,2.99,4386,444,4.5,4.5,1.7,4+,Education,43,5,1,1
372283316,▻Sudoku +,61595648,USD,4.99,5397,476,5,5,5.4,4+,Games,40,5,7,1
372513032,"Tango - Free Video Call, Voice and Chat",134848512,USD,0,75412,66,4.5,4.5,4.1.219400,17+,Social Networking,37,5,18,1
372648912,MeetMe - Chat and Meet New People,133956608,USD,0,97072,143,4,3.5,12.1.1.0,17+,Social Networking,37,0,18,1
373185673,WebMD for iPad,17613824,USD,0,9142,22,3.5,4,3.5,12+,Health & Fitness,26,5,1,1
373203236,GeoBee Challenge HD by National Geographic,35975168,USD,1.99,1957,958,4.5,4.5,2.2,4+,Games,40,5,1,1
373236724,"OPlayer HD - video player, classic media streaming",127020032,USD,4.99,2944,40,4,4.5,3.3,17+,Entertainment,24,5,29,1
373311252,TouchRetouch,27962368,USD,1.99,588,54,4,4,4.0.1,4+,Photo & Video,37,0,14,1
373342398,Cat Physics,14824448,USD,1.99,40552,238,4.5,4.5,1.26.1,4+,Games,40,3,1,1
373454750,随手记（专业版）-好用的记账理财工具,83899392,USD,0.99,1267,0,4.5,0,10.6.3,4+,Finance,38,0,3,1
373493387,AnkiMobile Flashcards,19371008,USD,24.99,753,12,4,4.5,2.0.30,4+,Education,37,5,1,1
373515261,WeatherPro for iPad,59475968,USD,2.99,725,26,4,4.5,4.4.2,4+,Weather,24,5,13,1
373563219,Real英会話,80203776,USD,3.99,45,12,4.5,4.5,5.1,12+,Education,38,5,1,1
373714084,BATTLE BEARS -1,227403527,USD,0.99,14910,1003,4,4.5,1.5.7,12+,Games,45,5,1,1
373849969,Crash Bandicoot Nitro Kart 2,75254654,USD,2.99,3064,1428,3.5,3.5,1.0.5,9+,Games,47,0,1,1
373903654,WIRED Magazine,23879680,USD,0,12074,43,2.5,1.5,4.6.7,17+,News,24,5,1,1
374151636,Popplet,4893696,USD,4.99,336,2,4,3,2.3,4+,Productivity,37,5,1,1
374211477,Notes Plus,109620224,USD,9.99,6257,15,4,4,5,4+,Productivity,37,5,11,1
374308914,Color Splash for iPad,18752512,USD,1.99,2445,41,4.5,5,3.6.1,4+,Photo & Video,24,5,1,1
374791544,Robot Unicorn Attack,52117504,USD,0.99,22150,1141,4,4.5,3.4,9+,Games,43,5,1,1
375239755,SimSimi,31358976,USD,0,23530,7,4,2.5,6.8.9,17+,Social Networking,37,0,25,1
375295479,Carcassonne,359192576,USD,9.99,10846,91,4.5,4.5,4.28,4+,Games,38,5,2,1
375380948,Apple Store,70782976,USD,0,55171,187,3.5,3.5,4.2,4+,Shopping,37,5,21,1
376183339,TED,84056064,USD,0,5782,149,3.5,3.5,3.0.4,12+,Education,37,5,22,1
376197239,Météo-France,124090368,USD,0,24,2,3.5,5,5.7.1150,4+,Weather,37,4,3,1
376202925,Ma Banque,137866240,USD,0,17,0,3.5,0,11.0.1,4+,Finance,37,5,1,1
376374689,Doodle God™,121715712,USD,1.99,35759,64,4.5,4,3.0.19,12+,Games,40,0,13,1
376412660,Carnivores: Dinosaur Hunter Pro,304654336,USD,2.99,18306,186,4,4.5,1.7.0,12+,Games,37,5,4,1
376413870,Blackboard Mobile Learn™,51179520,USD,0,13567,2625,2,1.5,4.1.2,4+,Education,40,5,14,1
376436174,"SEC Football Schedules, Scores & Radio",60380160,USD,1.99,240,2,3,4.5,5.2.135,4+,Sports,37,5,1,1
376510438,Hulu: Watch TV Shows & Stream the Latest Movies,99568640,USD,0,56170,1264,2,2,4.10.1,12+,Entertainment,37,5,2,1
376561911,かなもじ,61272064,USD,3.99,19,0,4.5,0,1.9.3,4+,Education,24,5,2,1
377321278,恵方コンパス.,41207059,USD,0,0,0,0,0,2.1.0,4+,Navigation,39,5,1,1
377342622,360 Panorama,7954432,USD,1.99,10463,193,4.5,3.5,4.4.3,4+,Photo & Video,38,5,3,1
377677727,"Mega Millions & Powerball - lottery games in the US with winning number results, lotto jackpots and prize payouts",7876608,USD,0,1255,432,4.5,4.5,3.2,12+,Lifestyle,38,5,1,1
377704407,Cake Doodle,99558400,USD,0.99,5803,10,4,4,1.21,4+,Games,37,5,1,1
377831429,The Impossible Quiz! for iPad,16857290,USD,1.99,227,225,4,4,1,9+,Games,26,5,1,1
377908737,Boating USA,111196160,USD,9.99,342,2,3.5,4,10.4.3,4+,Navigation,37,0,5,1
377989827,Diptic,36705280,USD,2.99,7578,67,4.5,5,10,4+,Photo & Video,37,5,1,1
378326916,Family Feud™ HD,79312792,USD,6.99,1156,951,3.5,3.5,1.0.1,4+,Games,26,5,1,1
378352300,Edmodo,127939584,USD,0,7197,0,3.5,0,5.9.2,4+,Education,37,4,4,1
378781805,Auto Palmistry Premium,44349440,USD,2.99,5,0,3,0,4.0.3,4+,Entertainment,37,4,3,1
378782714,Drift Mania Championship,1178477568,USD,0.99,3432,0,3,0,1.8,4+,Games,38,5,10,1
379256460,「宅建士」過去問題《受験用》,24444928,USD,3.99,0,0,0,0,5.1,4+,Education,37,0,1,1
379323382,Osmos for iPad,41772032,USD,4.99,24306,6,4.5,5,2.4.1,4+,Games,24,5,9,1
379395415,携程旅行-酒店、机票、火车票预订助手,144488448,USD,0,312,0,3.5,0,7.4.1,17+,Travel,37,5,1,1
379693831,"Audible – audio books, original series & podcasts",81558528,USD,0,105274,1774,4.5,4.5,2.23,4+,Book,37,5,5,1
379869627,Living Earth - Clock & Weather,169009152,USD,2.99,25475,71,4.5,4,3.82,4+,Utilities,37,4,11,1
379937581,Sushi Cat,62373888,USD,0.99,8718,381,4,4.5,2.1.0,4+,Games,43,5,1,1
379983299,Talking Tom Cat for iPad,75417600,USD,0,29492,51,3.5,4,3.3,4+,Entertainment,24,5,13,1
380090605,Let's create! Pottery HD,175157248,USD,4.99,12787,12,4.5,4.5,1.71,4+,Entertainment,38,5,1,1
380641055,Files HD Pro - File Manager & Web Browser,28118016,USD,4.99,2237,41,4,3.5,6.1.1,17+,Utilities,24,5,2,1
380834987,Army Fitness APFT Calculator,15759360,USD,0.99,108,74,4,4.5,2.4,4+,Utilities,40,3,1,1
380908399,Ringtones for iPhone & Ringtone Maker,109270016,USD,0,25403,1598,4.5,4.5,8.9.6,12+,Music,37,4,9,1
380932800,Zoopla Property Search -UK Homes for Sale and Rent,59411456,USD,0,210,4,3.5,4.5,3.3.4,4+,Lifestyle,37,5,1,1
380974668,Vestiaire Collective - Pre-Owned Luxury Fashion,138755072,USD,0,169,16,4,4.5,4.2.7,4+,Shopping,37,5,5,1
381059732,Week Calendar,81845248,USD,1.99,7447,18,4.5,4.5,10.2.1,4+,Productivity,37,0,29,1
381342267,Stack the States®,132377600,USD,2.99,12833,282,4.5,4.5,2.7,4+,Education,40,5,1,1
381471023,Flashlight Ⓞ,42027008,USD,0,130450,1010,5,4.5,2.1.2,4+,Utilities,40,0,22,1
381477230,ゲーム発展国＋＋,191410176,USD,4.99,6,0,4,0,2.09,4+,Games,38,5,1,1
381722077,Celebtwin: Celebrity Looks Like Lite,81773568,USD,0,1111,0,1.5,0,6.1,4+,Lifestyle,37,4,12,1
382002079,Onefootball - Soccer Scores & Live News,113814528,USD,0,3194,18,4.5,4.5,10.12,12+,Sports,37,5,13,1
382013715,SuperCam_Pro,27815936,USD,1.99,1399,24,2.5,2.5,4.3,4+,Business,43,0,7,1
382045106,カロリー管理（痩せるアプリ）,44402688,USD,3.99,10,0,4.5,0,5.4,17+,Health & Fitness,37,0,1,1
382201985,手机百度 - 百度一下你就得到,226406400,USD,0,1990,0,4.5,0,8.6.5,17+,Utilities,38,0,1,1
382497397,Sam's Club: Wholesale Shopping & Bulk Buy Deals,113119232,USD,0,8149,173,4,4.5,17.4,4+,Shopping,37,5,1,1
382509315,Splashtop Personal - Remote Desktop,55986176,USD,4.99,29376,11,4.5,5,2.7.4.1,4+,Business,24,5,11,1
382596778,eBay Kleinanzeigen - Free. Easy. Local.,63022080,USD,0,74,3,4.5,5,7.5.2,4+,Shopping,37,4,1,1
382617920,Viber Messenger – Text & Call,129657856,USD,0,164249,206,4.5,4.5,6.9.0,4+,Social Networking,37,5,32,1
382991304,Osmos,33989632,USD,2.99,14605,23,4.5,5,2.4.1,4+,Games,37,0,9,1
383298204,shopkick - Shopping Rewards & Discounts,74822656,USD,0,130823,29363,4.5,5,5.1.4,4+,Shopping,37,4,2,1
383718755,Decide Now!,3462144,USD,0.99,486,25,4.5,4,2.0.1,4+,Entertainment,37,5,9,1
383819300,"Ringtone Designer Pro - Create Unlimited Ringtones, Text Tones, Email Alerts, and More!",3462266,USD,0.99,8946,1776,4.5,4.5,1.9,4+,Music,43,0,1,1
384282298,The Secret of Grisly Manor,51794944,USD,0.99,1993,36,4,4,1.9.4,4+,Games,40,5,7,1
384830320,"Find My Family, Friends & iPhone - Life360 Locator",154507264,USD,0,43877,80,4.5,4.5,13.7.1,4+,Social Networking,37,0,13,1
385145330,Pocketbooth - the photo booth in your pocket,72586240,USD,0.99,2377,5,4.5,5,3.5,4+,Photo & Video,37,5,1,1
385285922,"乐视视频-白鹿原,欢乐颂,奔跑吧全网热播",184689664,USD,0,1590,6,4.5,5,7.1,17+,Entertainment,38,0,2,1
385533456,The Incident,19534848,USD,0.99,2070,16,4,4.5,1.7,4+,Games,37,5,1,1
385724144,ホットペッパービューティー/サロン予約,65892352,USD,0,9,0,4,0,4.14.1,4+,Lifestyle,37,0,1,1
385756768,Dictionary.com Dictionary & Thesaurus Premium,108836864,USD,3.99,11530,81,4.5,4.5,7.1.3,4+,Reference,37,0,1,1
385919493,Autohome-Find new＆Used Cars For Sale,89219072,USD,0,194,0,4,0,8.0.6,17+,Lifestyle,37,0,2,1
385957032,OPEN Forum,83138560,USD,0,200,0,3.5,0,6.3,4+,Business,37,0,1,1
386098453,Weibo HD,104387584,USD,0,16772,293,4.5,3,4.0.0,4+,Social Networking,24,4,3,1
386239683,Reckless Racing HD,77139968,USD,0.99,9,7,4,4.5,1.4.3,4+,Games,43,5,5,1
386241770,Bloons Super Monkey,28566528,USD,0.99,2113,20,3.5,2.5,1.5.4,4+,Games,40,5,1,1
386505750,Lotto Results - Mega Millions Powerball Lottery,7990272,USD,0,794,8,4,3.5,3.5.1,12+,News,37,5,1,1
386592716,IKEA Catalog,122979328,USD,0,8939,15,4,1.5,17.1,4+,Lifestyle,37,5,29,1
387109554,QQ安全中心,32918528,USD,0,308,0,3.5,0,6.9.8,17+,Utilities,37,0,1,1
387310377,Free IQ Test: Calculate your IQ,4034560,USD,0,5,1,2,1,3.0.2,4+,Education,38,0,2,1
387428400,Infinity Blade,624107810,USD,0.99,326482,177050,5,5,1.4.1,12+,Games,43,5,13,1
